timestamp,agent_id,conversation_id,user_input_length,response_time_ms,success_rate,user_satisfaction,cost_usd
2024-01-01 00:00:00,agent_001,conv_000,50,1200,0.95,4.2,0.05
2024-01-01 01:00:00,agent_001,conv_001,75,1500,0.98,4.5,0.07
2024-01-01 02:00:00,agent_001,conv_002,120,1800,0.92,4.1,0.09
2024-01-01 03:00:00,agent_001,conv_003,45,1100,0.97,4.6,0.06
2024-01-01 04:00:00,agent_001,conv_004,90,1600,0.94,4.3,0.08
2024-01-01 05:00:00,agent_001,conv_005,110,2000,0.96,4.4,0.1
2024-01-01 06:00:00,agent_001,conv_006,60,1300,0.93,4.0,0.05
2024-01-01 07:00:00,agent_001,conv_007,85,1700,0.99,4.7,0.08
2024-01-01 08:00:00,agent_001,conv_008,95,1900,0.91,4.2,0.09
2024-01-01 09:00:00,agent_001,conv_009,70,1400,0.97,4.5,0.07
2024-01-01 10:00:00,agent_001,conv_010,50,1200,0.95,4.2,0.05
2024-01-01 11:00:00,agent_001,conv_011,75,1500,0.98,4.5,0.07
2024-01-01 12:00:00,agent_001,conv_012,120,1800,0.92,4.1,0.09
2024-01-01 13:00:00,agent_001,conv_013,45,1100,0.97,4.6,0.06
2024-01-01 14:00:00,agent_001,conv_014,90,1600,0.94,4.3,0.08
2024-01-01 15:00:00,agent_001,conv_015,110,2000,0.96,4.4,0.1
2024-01-01 16:00:00,agent_001,conv_016,60,1300,0.93,4.0,0.05
2024-01-01 17:00:00,agent_001,conv_017,85,1700,0.99,4.7,0.08
2024-01-01 18:00:00,agent_001,conv_018,95,1900,0.91,4.2,0.09
2024-01-01 19:00:00,agent_001,conv_019,70,1400,0.97,4.5,0.07
2024-01-01 20:00:00,agent_001,conv_020,50,1200,0.95,4.2,0.05
2024-01-01 21:00:00,agent_001,conv_021,75,1500,0.98,4.5,0.07
2024-01-01 22:00:00,agent_001,conv_022,120,1800,0.92,4.1,0.09
2024-01-01 23:00:00,agent_001,conv_023,45,1100,0.97,4.6,0.06
2024-01-02 00:00:00,agent_001,conv_024,90,1600,0.94,4.3,0.08
2024-01-02 01:00:00,agent_001,conv_025,110,2000,0.96,4.4,0.1
2024-01-02 02:00:00,agent_001,conv_026,60,1300,0.93,4.0,0.05
2024-01-02 03:00:00,agent_001,conv_027,85,1700,0.99,4.7,0.08
2024-01-02 04:00:00,agent_001,conv_028,95,1900,0.91,4.2,0.09
2024-01-02 05:00:00,agent_001,conv_029,70,1400,0.97,4.5,0.07
2024-01-02 06:00:00,agent_001,conv_030,50,1200,0.95,4.2,0.05
2024-01-02 07:00:00,agent_001,conv_031,75,1500,0.98,4.5,0.07
2024-01-02 08:00:00,agent_001,conv_032,120,1800,0.92,4.1,0.09
2024-01-02 09:00:00,agent_001,conv_033,45,1100,0.97,4.6,0.06
2024-01-02 10:00:00,agent_001,conv_034,90,1600,0.94,4.3,0.08
2024-01-02 11:00:00,agent_001,conv_035,110,2000,0.96,4.4,0.1
2024-01-02 12:00:00,agent_001,conv_036,60,1300,0.93,4.0,0.05
2024-01-02 13:00:00,agent_001,conv_037,85,1700,0.99,4.7,0.08
2024-01-02 14:00:00,agent_001,conv_038,95,1900,0.91,4.2,0.09
2024-01-02 15:00:00,agent_001,conv_039,70,1400,0.97,4.5,0.07
2024-01-02 16:00:00,agent_001,conv_040,50,1200,0.95,4.2,0.05
2024-01-02 17:00:00,agent_001,conv_041,75,1500,0.98,4.5,0.07
2024-01-02 18:00:00,agent_001,conv_042,120,1800,0.92,4.1,0.09
2024-01-02 19:00:00,agent_001,conv_043,45,1100,0.97,4.6,0.06
2024-01-02 20:00:00,agent_001,conv_044,90,1600,0.94,4.3,0.08
2024-01-02 21:00:00,agent_001,conv_045,110,2000,0.96,4.4,0.1
2024-01-02 22:00:00,agent_001,conv_046,60,1300,0.93,4.0,0.05
2024-01-02 23:00:00,agent_001,conv_047,85,1700,0.99,4.7,0.08
2024-01-03 00:00:00,agent_001,conv_048,95,1900,0.91,4.2,0.09
2024-01-03 01:00:00,agent_001,conv_049,70,1400,0.97,4.5,0.07
2024-01-03 02:00:00,agent_001,conv_050,50,1200,0.95,4.2,0.05
2024-01-03 03:00:00,agent_001,conv_051,75,1500,0.98,4.5,0.07
2024-01-03 04:00:00,agent_001,conv_052,120,1800,0.92,4.1,0.09
2024-01-03 05:00:00,agent_001,conv_053,45,1100,0.97,4.6,0.06
2024-01-03 06:00:00,agent_001,conv_054,90,1600,0.94,4.3,0.08
2024-01-03 07:00:00,agent_001,conv_055,110,2000,0.96,4.4,0.1
2024-01-03 08:00:00,agent_001,conv_056,60,1300,0.93,4.0,0.05
2024-01-03 09:00:00,agent_001,conv_057,85,1700,0.99,4.7,0.08
2024-01-03 10:00:00,agent_001,conv_058,95,1900,0.91,4.2,0.09
2024-01-03 11:00:00,agent_001,conv_059,70,1400,0.97,4.5,0.07
2024-01-03 12:00:00,agent_001,conv_060,50,1200,0.95,4.2,0.05
2024-01-03 13:00:00,agent_001,conv_061,75,1500,0.98,4.5,0.07
2024-01-03 14:00:00,agent_001,conv_062,120,1800,0.92,4.1,0.09
2024-01-03 15:00:00,agent_001,conv_063,45,1100,0.97,4.6,0.06
2024-01-03 16:00:00,agent_001,conv_064,90,1600,0.94,4.3,0.08
2024-01-03 17:00:00,agent_001,conv_065,110,2000,0.96,4.4,0.1
2024-01-03 18:00:00,agent_001,conv_066,60,1300,0.93,4.0,0.05
2024-01-03 19:00:00,agent_001,conv_067,85,1700,0.99,4.7,0.08
2024-01-03 20:00:00,agent_001,conv_068,95,1900,0.91,4.2,0.09
2024-01-03 21:00:00,agent_001,conv_069,70,1400,0.97,4.5,0.07
2024-01-03 22:00:00,agent_001,conv_070,50,1200,0.95,4.2,0.05
2024-01-03 23:00:00,agent_001,conv_071,75,1500,0.98,4.5,0.07
2024-01-04 00:00:00,agent_001,conv_072,120,1800,0.92,4.1,0.09
2024-01-04 01:00:00,agent_001,conv_073,45,1100,0.97,4.6,0.06
2024-01-04 02:00:00,agent_001,conv_074,90,1600,0.94,4.3,0.08
2024-01-04 03:00:00,agent_001,conv_075,110,2000,0.96,4.4,0.1
2024-01-04 04:00:00,agent_001,conv_076,60,1300,0.93,4.0,0.05
2024-01-04 05:00:00,agent_001,conv_077,85,1700,0.99,4.7,0.08
2024-01-04 06:00:00,agent_001,conv_078,95,1900,0.91,4.2,0.09
2024-01-04 07:00:00,agent_001,conv_079,70,1400,0.97,4.5,0.07
2024-01-04 08:00:00,agent_001,conv_080,50,1200,0.95,4.2,0.05
2024-01-04 09:00:00,agent_001,conv_081,75,1500,0.98,4.5,0.07
2024-01-04 10:00:00,agent_001,conv_082,120,1800,0.92,4.1,0.09
2024-01-04 11:00:00,agent_001,conv_083,45,1100,0.97,4.6,0.06
2024-01-04 12:00:00,agent_001,conv_084,90,1600,0.94,4.3,0.08
2024-01-04 13:00:00,agent_001,conv_085,110,2000,0.96,4.4,0.1
2024-01-04 14:00:00,agent_001,conv_086,60,1300,0.93,4.0,0.05
2024-01-04 15:00:00,agent_001,conv_087,85,1700,0.99,4.7,0.08
2024-01-04 16:00:00,agent_001,conv_088,95,1900,0.91,4.2,0.09
2024-01-04 17:00:00,agent_001,conv_089,70,1400,0.97,4.5,0.07
2024-01-04 18:00:00,agent_001,conv_090,50,1200,0.95,4.2,0.05
2024-01-04 19:00:00,agent_001,conv_091,75,1500,0.98,4.5,0.07
2024-01-04 20:00:00,agent_001,conv_092,120,1800,0.92,4.1,0.09
2024-01-04 21:00:00,agent_001,conv_093,45,1100,0.97,4.6,0.06
2024-01-04 22:00:00,agent_001,conv_094,90,1600,0.94,4.3,0.08
2024-01-04 23:00:00,agent_001,conv_095,110,2000,0.96,4.4,0.1
2024-01-05 00:00:00,agent_001,conv_096,60,1300,0.93,4.0,0.05
2024-01-05 01:00:00,agent_001,conv_097,85,1700,0.99,4.7,0.08
2024-01-05 02:00:00,agent_001,conv_098,95,1900,0.91,4.2,0.09
2024-01-05 03:00:00,agent_001,conv_099,70,1400,0.97,4.5,0.07
